{"global_step": 49152, "_timestamp": 1712352352.653056, "_runtime": 26, "_step": 24, "step.mean": 14.80224609375, "step.max": 56.0, "step.min": 1.0, "step.count": 2048.0, "entity_count/Cluster.mean": 174.03515625, "entity_count/Cluster.max": 204.0, "entity_count/Cluster.min": 144.0, "entity_count/Cluster.count": 2048.0, "entity_count/Tensor.mean": 2.0, "entity_count/Tensor.max": 2.0, "entity_count/Tensor.min": 2.0, "entity_count/Tensor.count": 2048.0, "entity_count/__global__.mean": 1.0, "entity_count/__global__.max": 1.0, "entity_count/__global__.min": 1.0, "entity_count/__global__.count": 2048.0, "entity_count.mean": 177.03515625, "entity_count.max": 207.0, "entity_count.min": 147.0, "entity_count.count": 2048.0, "episodic_reward.mean": -7.142857074737549, "episodic_reward.max": 10.0, "episodic_reward.min": -10.0, "episodic_reward.count": 84.0, "episode_length.mean": 23.988094329833984, "episode_length.max": 50.0, "episode_length.min": 9.0, "episode_length.count": 84.0, "reward.mean": -0.29296875, "reward.max": 10.0, "reward.min": -10.0, "reward.count": 2048.0, "charts/learning_rate": 0.00020833333837799728, "charts/entropy_coef": 0.004166666883975267, "losses/value_loss": 4.994726657867432, "losses/policy_loss": -0.003661207854747772, "losses/entropy": 1.067128300666809, "losses/approx_kl": 0.00046242785174399614, "losses/clipfrac": 0.0, "losses/explained_variance": 0.38079237937927246, "losses/gradnorm": 3.146470785140991, "losses/vf_gradnorm": 0.0, "restart": 0.0, "charts/SPS": 2002.0, "throughput": 1374.8052978515625, "fps": 1374.8052978515625, "eps": 243388.859375, "trace/update.rollout.step[self]": 0.5100598335266113, "trace/update.rollout.reward_done_to_device[self]": 0.014786958694458008, "trace/update.rollout.forward.batch_and_embed.visibility_mask[self]": 0.00024247169494628906, "trace/update.rollout.forward.batch_and_embed.embedding.ragged_metadata[self]": 0.009902238845825195, "trace/update.rollout.forward.batch_and_embed.embedding[self]": 0.06915831565856934, "trace/update.rollout.forward.batch_and_embed.backbone[self]": 0.08125758171081543, "trace/update.rollout.forward.batch_and_embed[self]": 0.0009596347808837891, "trace/update.rollout.forward.auxiliary_heads[self]": 0.008727550506591797, "trace/update.rollout.forward.action_heads[self]": 0.035436391830444336, "trace/update.rollout.forward[self]": 0.004369258880615234, "trace/update.rollout.flatten[self]": 1.8835067749023438e-05, "trace/update.rollout.advantages.visibility_mask[self]": 7.62939453125e-06, "trace/update.rollout.advantages.embedding.ragged_metadata[self]": 0.0002932548522949219, "trace/update.rollout.advantages.embedding[self]": 0.002344369888305664, "trace/update.rollout.advantages.backbone[self]": 0.0025217533111572266, "trace/update.rollout.advantages[self]": 0.003876924514770508, "trace/update.rollout[self]": 0.007947683334350586, "trace/update.optimize.value_loss[self]": 0.002422332763671875, "trace/update.optimize.ratio[self]": 0.0014178752899169922, "trace/update.optimize.policy_loss[self]": 0.0022847652435302734, "trace/update.optimize.kl[self]": 0.0035512447357177734, "trace/update.optimize.forward.batch_and_embed.visibility_mask[self]": 8.702278137207031e-05, "trace/update.optimize.forward.batch_and_embed.embedding.ragged_metadata[self]": 0.011733770370483398, "trace/update.optimize.forward.batch_and_embed.embedding[self]": 0.03247237205505371, "trace/update.optimize.forward.batch_and_embed.backbone[self]": 0.13707900047302246, "trace/update.optimize.forward.batch_and_embed[self]": 0.00035119056701660156, "trace/update.optimize.forward.auxiliary_heads[self]": 0.0032203197479248047, "trace/update.optimize.forward.action_heads[self]": 0.01275944709777832, "trace/update.optimize.forward[self]": 0.0003123283386230469, "trace/update.optimize.broadcast_advantages[self]": 0.0013282299041748047, "trace/update.optimize.backward[self]": 0.4482436180114746, "trace/update.optimize[self]": 0.07938504219055176, "trace/update.metrics[self]": 0.0014407634735107422, "trace/update[self]": 1.4066696166992188e-05, "trace/update.rollout.forward.batch_and_embed.embedding.ragged_metadata": 0.009902238845825195, "trace/update.rollout.forward.batch_and_embed.embedding": 0.07906055450439453, "trace/update.rollout.forward.batch_and_embed.visibility_mask": 0.00024247169494628906, "trace/update.rollout.forward.batch_and_embed.backbone": 0.08125758171081543, "trace/update.rollout.forward.batch_and_embed": 0.16152024269104004, "trace/update.rollout.forward.action_heads": 0.035436391830444336, "trace/update.rollout.forward.auxiliary_heads": 0.008727550506591797, "trace/update.rollout.forward": 0.2100534439086914, "trace/update.rollout.step": 0.5100598335266113, "trace/update.rollout.reward_done_to_device": 0.014786958694458008, "trace/update.rollout.advantages.embedding.ragged_metadata": 0.0002932548522949219, "trace/update.rollout.advantages.embedding": 0.002637624740600586, "trace/update.rollout.advantages.visibility_mask": 7.62939453125e-06, "trace/update.rollout.advantages.backbone": 0.0025217533111572266, "trace/update.rollout.advantages": 0.00904393196105957, "trace/update.rollout.flatten": 1.8835067749023438e-05, "trace/update.rollout": 0.7519106864929199, "trace/update.optimize.forward.batch_and_embed.embedding.ragged_metadata": 0.011733770370483398, "trace/update.optimize.forward.batch_and_embed.embedding": 0.04420614242553711, "trace/update.optimize.forward.batch_and_embed.visibility_mask": 8.702278137207031e-05, "trace/update.optimize.forward.batch_and_embed.backbone": 0.13707900047302246, "trace/update.optimize.forward.batch_and_embed": 0.18172335624694824, "trace/update.optimize.forward.action_heads": 0.01275944709777832, "trace/update.optimize.forward.auxiliary_heads": 0.0032203197479248047, "trace/update.optimize.forward": 0.19801545143127441, "trace/update.optimize.ratio": 0.0014178752899169922, "trace/update.optimize.kl": 0.0035512447357177734, "trace/update.optimize.broadcast_advantages": 0.0013282299041748047, "trace/update.optimize.policy_loss": 0.0022847652435302734, "trace/update.optimize.value_loss": 0.002422332763671875, "trace/update.optimize.backward": 0.4482436180114746, "trace/update.optimize": 0.7366485595703125, "trace/update.metrics": 0.0014407634735107422, "trace/update": 1.4900140762329102, "trace/checkpoint[self]": 0.009294509887695312, "trace/checkpoint": 0.009294509887695312, "_wandb": {"runtime": 28}}